battery_power,dual_sim,fc_megapixel,four_g,int_memory,n_cores,price_range
842,0,1,0,7,2,1
1021,1,0,1,53,3,2
563,1,2,1,41,5,2
615,0,0,0,10,6,2
1821,0,13,1,44,2,1
1859,1,3,0,22,1,1
1821,0,4,1,10,8,3
1954,1,0,0,24,4,0
1445,0,0,0,53,7,0
509,1,2,1,9,5,0
769,1,0,0,9,5,3
1520,0,5,1,33,8,3
1815,0,2,0,33,4,1
803,0,7,0,17,4,2
1866,0,13,1,52,1,0
775,0,3,0,46,2,0
838,0,1,1,13,8,3
595,1,7,1,23,3,3
1131,1,11,0,49,5,1
682,0,4,0,19,4,1
772,1,12,0,39,7,3
1709,0,1,0,13,2,3
1949,1,4,0,47,4,1
1602,1,4,1,38,3,0
503,1,5,1,8,3,1
961,1,0,1,57,8,2
519,1,7,1,51,4,3
956,0,1,1,41,7,3
1453,1,12,1,52,2,2
851,0,3,0,21,5,0
1579,1,0,0,5,7,3
1568,0,16,0,33,8,0
1319,0,3,1,41,1,1
1310,1,0,1,51,4,3
644,0,0,0,22,8,0
725,1,16,0,60,8,1
589,1,1,0,61,4,1
1725,1,6,1,6,2,3
790,1,16,1,11,6,2
560,1,15,0,50,2,2
1347,0,5,0,44,1,2
1646,0,8,1,41,2,3
1253,1,5,1,5,2,1
1656,0,5,1,34,3,1
1195,0,1,1,20,2,0
1514,0,0,0,27,3,1
1723,1,1,0,42,8,3
1054,1,3,1,40,7,1
578,1,2,1,57,8,0
596,1,9,0,64,8,3
1547,1,2,1,14,3,2
1760,1,5,0,63,8,2
1654,1,0,1,43,2,3
1457,1,1,1,16,3,1
1073,1,0,0,51,7,2
1936,1,10,1,46,3,2
823,1,13,0,60,8,0
987,1,0,1,61,3,3
1757,0,8,0,49,6,1
1063,1,2,1,48,5,2
1484,0,3,0,12,3,1
799,0,1,1,63,8,0
1156,1,0,1,50,2,0
1720,0,15,1,55,2,2
702,1,2,1,9,3,2
616,1,13,1,44,3,3
1358,0,11,1,36,4,3
1866,0,0,0,30,3,3
1242,1,0,0,10,2,0
1166,1,0,1,43,4,3
1448,1,6,1,45,7,3
1407,0,1,1,22,4,2
605,0,8,1,9,3,0
1038,0,3,0,43,1,3
797,1,4,0,38,4,0
819,1,8,1,42,6,1
1114,0,4,1,9,3,0
1234,1,1,0,33,1,0
1199,1,15,1,16,4,3
1103,1,6,0,29,6,1
1589,1,0,1,58,7,3
999,1,11,1,64,4,2
1510,1,2,0,45,5,3
1008,0,11,0,61,3,1
1127,1,5,1,57,1,1
1412,0,5,0,25,8,1
1496,1,4,0,42,5,0
1083,1,1,1,64,3,3
668,1,0,0,3,5,2
1309,1,0,0,33,4,2
1724,1,2,1,57,3,3
1977,1,7,1,54,7,2
885,1,0,1,15,7,0
879,0,11,1,14,6,0
1322,1,6,0,7,3,1
1137,0,18,0,7,3,3
1355,0,10,1,23,5,0
1665,0,3,1,60,6,2
657,0,0,0,37,2,0
593,0,6,0,31,7,1
1883,0,3,1,10,6,3
1732,0,4,1,12,8,1
543,0,0,0,57,5,1
1939,1,0,1,55,4,0
553,1,1,1,8,7,0
832,1,2,1,39,4,1
1661,1,5,0,23,5,3
1657,0,3,0,42,5,3
1135,1,0,0,46,1,3
1775,0,3,0,41,1,3
783,1,0,1,43,3,1
617,0,0,0,32,7,1
867,1,0,1,4,6,0
1310,1,13,0,7,5,2
1804,0,9,1,22,7,3
1900,0,1,1,18,7,3
909,0,0,0,53,8,2
1084,0,3,1,40,3,1
1308,1,8,0,46,1,0
1778,0,0,0,15,3,1
1701,1,3,0,10,8,2
772,1,1,1,10,4,3
825,1,7,0,52,3,3
1379,0,5,1,36,2,3
1166,0,3,1,25,5,2
1659,0,5,0,16,1,3
826,1,0,1,58,4,2
1564,0,4,1,25,6,1
1957,1,11,0,31,3,3
1571,0,0,1,19,6,0
1414,1,2,0,54,7,3
1790,1,9,0,2,1,1
645,0,1,0,41,7,2
668,1,7,0,30,8,1
1652,1,1,0,36,4,2
1213,0,0,0,16,5,2
1272,1,0,0,22,6,1
866,1,5,1,46,8,3
536,1,12,1,3,7,0
523,1,1,0,14,8,0
1753,1,0,1,31,1,2
1218,1,1,1,14,3,0
1537,0,4,1,43,1,3
786,1,0,0,33,7,2
1678,0,3,1,64,3,0
1814,1,1,1,9,2,3
1101,0,0,0,31,2,1
1461,1,3,1,40,7,3
1216,0,4,0,47,3,2
506,0,6,1,41,1,2
843,0,1,1,56,5,1
742,1,4,0,56,7,3
1692,0,3,1,61,6,1
1485,0,2,1,32,2,2
1547,1,6,0,45,2,0
1692,1,4,1,46,1,1
637,0,3,1,60,4,0
1224,0,16,1,6,6,0
1356,0,0,0,29,6,3
1840,1,12,0,34,1,1
1481,1,4,1,37,5,2
961,1,10,0,51,6,2
1296,1,0,1,14,5,0
1193,0,11,0,26,1,0
1441,1,11,1,3,8,2
517,1,3,1,33,4,3
748,0,0,1,27,8,1
1126,0,2,1,10,6,2
1572,0,0,1,58,7,3
1569,1,17,0,44,4,1
1270,1,2,1,32,7,3
1854,0,2,1,8,5,1
625,1,5,1,10,4,2
1577,1,0,1,42,5,2
534,1,0,1,16,5,3
946,1,8,1,25,6,2
685,0,2,0,29,7,0
1949,1,0,0,23,5,3
947,1,0,1,22,2,2
801,1,2,0,63,7,1
703,0,12,1,30,1,0
1165,0,11,0,41,6,0
1082,0,0,0,38,8,2
959,1,15,0,20,4,3
1502,0,0,0,54,5,3
1380,1,1,1,4,3,0
1266,0,0,1,5,6,2
1934,1,0,1,46,1,3
1905,0,3,1,6,1,1
1831,1,2,0,43,5,3
596,0,8,0,46,1,1
1562,1,1,1,7,5,2
1490,1,4,1,64,8,3
1523,0,5,1,57,2,3
640,0,0,0,20,4,2
1526,0,1,1,23,7,2
1989,1,0,1,41,3,2
1308,0,0,1,61,3,3
609,0,3,0,26,4,1
1905,1,9,1,36,3,1
1703,0,0,1,22,1,0
1445,1,7,1,20,7,1
1087,0,0,1,16,3,0
671,1,10,0,30,7,2
1472,0,6,0,61,6,2
765,1,0,1,47,8,2
1642,1,16,1,8,6,2
1265,0,7,0,49,5,1
664,1,1,1,51,7,3
1277,1,0,1,35,6,3
1395,1,0,0,23,3,2
1539,0,0,0,41,8,2
1049,0,9,0,63,5,0
1827,0,4,1,39,5,2
903,1,0,1,50,1,0
1987,0,3,1,53,3,3
1154,1,0,1,49,8,0
1336,0,5,1,17,5,1
1886,0,0,1,24,3,1
1551,0,4,0,51,5,3
850,1,6,1,29,5,0
660,0,5,1,40,2,0
1225,1,8,0,13,4,3
1452,1,1,1,25,6,2
1686,1,3,0,38,4,3
1634,0,1,1,17,2,3
1708,1,18,1,49,1,3
1151,1,0,0,31,8,2
1578,1,2,1,37,4,2
1689,0,17,0,24,3,3
1488,0,1,0,39,5,3
1313,1,4,0,9,1,3
1715,1,4,1,31,8,0
1442,1,0,0,27,3,1
528,0,12,1,6,2,2
1523,0,6,1,11,1,0
1133,0,3,0,42,5,1
1718,1,14,1,6,5,3
1330,0,0,0,38,7,1
1799,0,0,0,49,4,0
633,0,0,1,49,8,2
724,1,0,0,44,7,2
822,0,0,1,51,6,3
1918,0,2,0,10,5,2
1891,0,7,1,37,7,3
1373,1,2,0,50,7,3
862,1,3,0,23,2,0
1273,0,3,1,48,4,1
957,0,4,0,7,5,1
1617,1,3,1,30,2,0
893,1,0,0,55,2,2
1210,0,0,0,63,5,2
708,1,0,1,63,8,1
835,1,2,0,7,4,0
1450,1,9,0,19,1,0
973,0,5,1,57,7,2
601,0,4,1,4,4,0
507,1,1,0,32,7,1
564,1,0,1,51,3,0
1559,1,6,1,6,6,3
754,1,7,1,59,7,1
728,1,0,0,25,4,1
1431,0,0,1,56,1,0
767,0,4,0,28,4,0
1722,0,8,0,18,2,3
1992,0,5,1,57,2,1
1876,0,10,1,40,6,3
1054,1,10,1,38,6,1
1283,1,4,0,47,5,2
1281,1,0,0,28,1,1
1066,0,2,1,7,7,0
730,1,0,1,4,8,0
1053,1,7,1,45,1,3
1611,1,11,0,3,3,1
793,1,5,1,30,2,2
1220,0,3,0,62,4,2
1662,0,0,1,61,4,3
1281,1,3,1,8,4,1
538,0,12,1,2,7,0
823,0,0,0,39,8,0
1733,0,3,1,36,6,3
1429,1,0,1,40,3,3
1839,0,9,1,54,7,1
659,0,6,1,6,3,1
1953,1,7,0,56,8,2
1172,0,0,1,27,1,1
612,1,6,0,16,7,3
1563,0,0,1,24,8,3
1191,1,16,1,26,1,1
615,1,0,0,42,6,1
1893,1,8,0,63,2,3
1563,1,10,0,16,7,3
1995,0,6,0,9,6,2
1517,0,6,1,48,5,3
832,1,1,1,34,5,0
1162,0,0,1,56,7,1
1595,0,7,0,12,8,3
1329,0,1,0,52,6,1
928,1,11,0,56,8,0
1656,1,8,1,38,7,1
1937,0,17,0,58,1,3
977,1,2,0,57,6,0
768,0,16,1,56,1,0
1464,1,11,0,12,2,3
1177,0,1,1,29,2,0
1348,0,18,0,52,3,1
1956,0,0,1,37,3,1
1751,1,6,0,8,6,2
1530,0,11,0,42,6,0
1997,1,1,0,40,4,2
1414,1,5,0,44,2,3
1707,0,0,0,41,7,2
894,1,1,1,50,3,3
645,0,6,1,41,8,0
1163,1,0,0,49,2,2
1126,0,3,0,49,8,3
1648,0,6,1,64,4,1
1170,0,6,1,14,2,0
508,0,7,1,42,1,0
1097,1,6,0,64,3,1
728,1,0,1,5,2,0
1980,1,2,1,29,1,3
1504,1,1,0,64,1,3
1379,1,14,1,63,1,0
1698,0,5,1,18,6,0
920,1,5,0,25,7,0
1144,1,0,0,21,1,2
1995,0,6,0,26,1,1
1430,1,1,0,27,1,2
972,1,5,0,13,5,1
662,0,5,0,20,1,1
1867,0,0,1,9,6,1
1730,1,0,1,20,4,1
1723,0,1,1,7,3,1
1882,1,8,0,47,2,2
803,1,0,0,18,4,2
580,1,0,0,47,3,3
668,0,2,1,48,1,0
1391,0,2,1,36,1,2
1560,0,0,1,22,7,2
821,1,5,0,54,3,2
811,1,5,1,2,6,1
1989,1,8,0,17,8,2
1034,1,6,0,37,7,3
618,0,2,0,6,1,0
654,0,0,1,52,4,1
576,0,2,1,10,5,2
667,0,6,1,3,6,2
869,0,7,1,57,1,2
635,1,2,0,42,3,2
609,0,15,1,44,1,1
1557,1,16,0,2,5,3
1604,0,2,0,33,8,0
1182,0,7,1,8,8,2
848,1,10,1,19,7,2
1610,0,7,1,64,4,1
1828,1,0,0,17,1,2
880,1,1,1,50,7,0
1394,1,10,1,62,5,0
1960,1,1,1,61,7,3
809,0,10,0,21,7,1
899,1,13,1,57,2,0
1976,1,4,0,32,2,3
879,1,0,1,21,4,2
916,0,0,0,36,4,0
763,1,8,1,2,8,0
508,1,0,0,9,6,2
825,1,0,0,34,8,3
1864,0,8,1,46,1,2
1725,1,8,1,52,6,1
1108,0,10,0,52,2,3
1011,0,4,1,36,7,1
1703,1,17,1,55,5,3
1067,1,0,0,58,7,0
1334,0,5,1,42,5,3
775,0,0,0,30,7,2
1899,0,0,0,26,2,0
930,1,1,1,14,6,1
1058,0,2,0,19,4,0
1187,0,0,1,46,2,3
1874,1,10,0,8,7,1
1482,0,2,0,48,7,2
1809,0,3,1,59,3,2
864,1,0,1,54,2,2
625,0,12,1,33,1,2
1880,0,4,1,18,3,3
1138,0,12,1,44,8,3
560,0,14,0,23,8,1
1117,0,1,0,12,7,2
1712,0,1,0,63,7,3
1836,1,3,0,26,6,3
1036,0,0,0,39,7,1
1860,0,15,0,23,4,3
1375,0,3,1,9,7,3
1945,1,0,1,57,4,1
1896,1,8,1,7,2,3
788,1,4,1,57,8,3
880,1,0,0,33,2,0
1323,1,10,1,28,4,1
1868,1,0,1,42,1,3
1266,1,0,1,7,3,2
1042,1,16,1,50,7,3
1479,0,8,0,19,3,3
1476,1,0,1,55,4,2
1552,0,6,1,13,6,2
1454,1,1,0,34,4,3
1007,0,0,0,45,5,3
652,1,9,1,17,5,0
1504,0,12,1,34,8,2
1726,1,2,0,51,4,2
1029,1,5,1,5,5,0
1582,0,2,1,44,6,3
1478,1,12,0,48,5,1
1178,0,0,0,49,5,2
707,1,2,0,25,3,3
755,0,5,1,51,4,2
912,0,1,0,54,8,1
651,1,2,1,63,5,1
1483,0,1,1,54,7,1
914,0,2,0,4,2,0
1456,1,7,0,7,5,1
1178,1,6,0,57,3,2
1503,0,10,1,43,4,2
1681,0,2,0,11,2,0
715,1,4,0,48,4,2
1876,1,3,1,56,3,2
1190,1,9,0,47,6,0
1755,0,0,1,24,7,3
1197,0,3,1,20,6,1
1048,0,10,1,28,2,1
1887,1,6,1,17,8,3
1772,1,3,0,64,8,1
1421,0,0,1,57,1,3
1464,1,0,1,17,6,1
728,1,4,0,23,4,0
954,0,0,0,50,2,0
685,1,8,1,13,7,3
1472,1,1,0,36,6,1
853,0,10,1,3,2,3
1469,0,0,0,8,7,0
1310,1,6,0,57,8,0
1654,0,1,0,11,7,1
902,0,3,0,3,7,3
1448,1,13,0,26,3,1
1631,1,2,1,3,7,0
1608,1,7,0,28,2,0
1991,0,5,1,64,2,2
1349,1,15,0,62,5,2
1589,0,5,1,51,1,2
1844,1,1,0,51,8,1
712,1,3,1,35,2,1
972,0,0,1,54,3,1
1406,1,2,1,34,3,3
1289,0,10,1,25,6,0
932,0,1,0,64,7,3
1747,0,6,1,48,3,2
1172,1,4,0,41,3,1
1128,0,12,0,53,5,3
664,1,0,0,28,5,1
513,0,6,1,44,4,0
1742,1,9,1,43,7,2
1512,0,12,0,6,7,2
1986,1,3,1,51,8,1
965,1,5,0,13,2,0
1067,1,3,1,40,8,0
1583,0,5,1,42,3,3
1653,1,2,1,37,4,3
1433,0,7,0,4,8,0
765,0,0,1,18,7,0
1845,1,10,0,61,1,1
752,1,1,0,48,7,3
1948,1,8,0,16,5,3
1077,1,0,1,45,3,1
932,0,1,1,60,4,0
1968,0,0,0,22,3,2
1122,0,9,0,2,4,2
1588,0,0,1,61,1,3
601,0,4,0,26,4,0
1615,0,14,0,15,4,3
1589,1,2,0,58,4,3
1417,0,2,1,56,6,0
1697,0,1,1,34,1,3
1330,1,14,0,3,5,0
1476,0,0,1,43,2,3
1579,0,0,0,27,6,1
1277,0,0,1,41,4,0
1089,1,12,1,2,5,2
1663,1,13,1,27,4,2
1949,0,0,0,20,5,1
1138,0,5,1,48,3,2
685,0,7,0,17,6,0
1889,0,5,1,31,1,3
857,1,3,0,17,7,2
1902,1,6,0,50,8,0
1225,0,0,0,15,5,1
1066,0,5,0,39,5,2
1554,1,11,0,5,3,3
1337,0,13,0,31,2,1
1926,1,1,1,33,3,2
869,1,3,0,34,2,3
1278,1,1,0,54,8,0
1773,0,16,1,32,6,3
1661,1,1,1,6,7,1
1438,0,0,1,32,7,0
1661,0,0,0,29,2,0
1846,0,1,0,19,1,1
1260,1,2,1,23,7,2
512,1,7,0,15,3,2
581,0,0,0,59,5,2
1872,0,6,0,44,3,2
687,0,9,1,50,4,3
1062,1,6,0,10,1,3
1678,1,11,0,7,1,0
1417,0,10,1,45,4,1
1074,1,2,1,9,6,1
1832,0,2,0,2,7,2
1039,0,0,1,12,8,1
1059,0,8,0,61,3,3
1606,0,3,0,57,4,3
1928,0,9,1,19,3,3
1875,1,11,1,55,1,3
1128,0,9,1,46,8,1
1748,1,6,1,14,3,3
1413,1,5,0,51,5,3
825,1,0,1,23,2,3
1589,0,3,1,26,8,3
535,1,8,1,54,8,2
1780,0,6,0,27,4,3
1671,1,7,1,61,2,2
1821,0,9,1,12,1,2
1076,0,3,1,38,6,0
532,1,3,0,8,5,0
777,0,3,0,30,5,3
1217,0,3,0,17,4,1
1656,1,0,0,16,7,2
1185,0,0,0,31,8,2
577,0,8,1,37,6,0
737,1,7,0,49,4,2
704,1,4,0,53,6,2
525,1,5,0,51,8,1
504,1,5,0,16,1,0
793,1,1,1,38,4,3
569,1,2,0,39,8,1
1590,1,3,1,21,5,1
707,0,0,1,16,2,1
767,0,16,1,19,6,1
1350,1,0,1,50,8,1
1117,1,0,0,31,2,2
641,0,0,1,7,1,2
1002,1,0,1,35,2,1
1408,1,10,0,45,5,3
1900,1,1,0,41,8,1
726,0,0,0,43,8,0
1544,0,12,1,45,8,1
1454,0,6,1,21,4,0
1230,1,6,0,26,5,0
1552,0,10,1,53,8,2
1519,0,0,0,32,1,2
723,0,4,0,30,1,2
1191,1,2,0,13,1,0
1168,0,9,0,61,8,3
1229,1,15,0,14,2,1
1758,0,11,1,13,8,2
1290,0,0,0,3,6,1
574,1,16,0,38,6,2
1271,0,12,0,32,7,0
1170,0,4,0,30,8,0
1269,0,14,0,52,2,1
1288,1,15,0,50,2,3
1366,1,0,1,34,2,3
1572,1,7,1,8,5,3
1627,1,9,1,32,6,3
1701,0,13,1,46,2,3
1900,1,0,1,55,1,3
1974,0,4,0,24,7,0
1197,1,9,0,20,5,2
587,1,4,0,6,1,2
934,0,7,0,24,5,0
1195,1,1,1,23,4,0
1853,0,2,0,23,1,3
1164,0,4,1,19,8,3
1512,0,8,1,18,3,3
1232,1,1,1,24,5,0
1813,1,0,1,5,3,0
946,1,17,0,5,3,3
739,1,2,1,58,3,0
704,0,8,1,29,1,0
1663,0,0,0,40,4,1
1966,1,2,0,40,8,2
1219,1,0,0,17,5,0
612,0,6,0,35,5,2
1658,0,0,1,39,1,3
1263,0,12,0,64,5,1
1395,0,0,1,55,3,3
621,1,0,0,54,4,2
652,1,1,0,58,3,0
1175,0,10,0,25,2,2
561,0,0,0,11,8,2
1137,0,6,1,3,5,0
1835,0,4,1,11,7,0
1170,1,2,0,40,6,1
1595,1,0,1,44,4,3
1719,0,0,0,12,8,0
1770,1,0,0,7,7,1
1312,1,0,1,28,2,1
1878,1,5,1,56,5,2
1871,0,7,1,20,7,2
922,1,1,1,35,7,0
1975,0,6,1,16,8,2
1212,0,1,1,46,4,2
1430,0,3,0,56,3,0
1958,1,0,0,4,2,1
1836,1,0,1,30,7,3
557,0,0,0,24,3,0
539,1,9,0,21,7,2
880,1,1,0,44,8,2
1369,1,6,0,34,1,3
1109,1,1,0,39,1,1
843,1,0,0,16,5,3
598,1,7,0,21,2,2
972,1,1,0,5,4,2
1944,0,5,1,36,6,1
1225,1,0,1,2,7,2
644,1,7,1,30,1,2
1919,0,5,1,48,4,1
501,0,12,1,54,4,1
1620,1,0,1,30,3,0
1227,1,0,0,34,3,1
1359,1,1,1,58,6,0
1914,0,1,0,35,8,1
1645,0,1,0,21,7,0
1063,0,0,1,26,5,3
946,0,0,1,19,8,1
1231,1,5,0,54,3,1
1397,1,13,0,9,6,3
701,0,7,0,15,3,1
570,1,2,0,9,7,3
1993,0,10,1,27,8,2
955,1,4,0,43,5,1
924,1,0,1,47,8,1
600,0,0,0,14,5,0
518,1,0,0,3,7,2
1063,0,0,1,31,6,0
920,0,2,0,46,3,2
1715,0,4,1,3,5,0
1841,1,6,0,14,8,2
543,1,4,1,60,5,0
1762,1,13,1,25,1,1
1112,1,1,0,53,4,3
709,1,0,0,35,1,1
1315,0,7,0,64,7,2
1762,0,10,1,15,8,2
1462,1,1,0,25,7,0
571,1,8,0,35,7,1
666,1,7,1,54,3,0
1994,1,2,1,7,8,3
1583,1,11,0,14,7,2
1778,1,3,1,45,4,1
1926,0,13,1,50,6,3
966,0,9,1,50,4,2
568,0,1,0,36,3,0
1897,0,1,1,21,8,0
1695,1,6,1,46,3,1
1623,0,6,1,61,7,2
914,0,0,1,26,4,0
1721,1,4,1,33,4,0
890,1,4,0,44,8,0
600,0,1,0,48,3,2
1677,1,4,0,11,6,3
723,0,0,1,3,4,1
638,1,11,0,27,4,2
852,1,4,1,62,7,1
1979,1,0,0,32,7,0
710,0,6,0,32,5,0
1034,1,2,1,45,3,0
600,1,8,1,22,1,2
1027,0,2,1,64,2,3
1260,0,5,1,13,6,2
1793,1,10,0,12,6,3
675,0,10,0,60,5,0
658,0,0,1,12,7,3
1694,0,0,1,34,7,2
804,1,12,1,41,1,1
1713,1,1,0,27,7,2
706,0,13,1,31,3,1
1362,0,3,0,25,7,0
1527,0,10,1,60,5,2
768,1,0,0,19,2,0
1314,1,8,1,41,4,0
705,0,5,1,57,6,1
1403,0,2,1,26,5,3
1486,0,7,0,52,4,0
781,0,2,0,38,5,3
986,0,1,1,23,8,1
1310,0,0,0,33,1,1
560,1,6,1,57,3,1
1348,0,0,0,43,5,3
1567,1,3,0,22,6,2
1940,1,4,0,17,5,2
1979,1,0,1,19,3,0
561,1,7,1,2,3,0
1717,0,1,0,62,1,3
535,0,1,1,48,1,0
1413,1,4,1,39,5,3
1358,1,0,0,20,7,3
1519,0,2,0,30,7,2
1254,1,2,0,50,5,3
1591,0,3,1,49,6,3
977,1,2,0,35,2,3
1640,0,10,1,21,7,0
663,1,0,0,25,2,2
1744,0,1,1,20,8,1
1624,1,8,0,28,2,2
1108,1,14,1,2,7,0
1188,1,0,1,9,2,3
817,0,0,0,11,3,1
863,1,5,1,6,4,0
1397,1,5,1,3,3,1
1108,0,3,0,49,5,3
1068,1,1,1,37,7,1
1702,0,12,1,52,2,3
808,1,0,0,8,4,3
1156,0,6,0,61,7,1
1271,1,2,0,54,8,0
696,0,6,0,51,3,1
1981,1,13,0,45,6,1
614,1,0,1,58,7,2
1590,1,0,0,7,3,1
1945,0,4,0,21,3,3
1135,1,9,0,43,1,3
1049,1,8,1,2,6,0
1807,0,2,0,49,1,2
984,0,13,1,42,7,0
720,1,0,1,61,7,3
1536,0,12,0,13,7,2
771,0,3,0,25,4,0
503,0,3,0,57,6,0
675,0,1,0,42,7,2
1936,1,13,1,34,7,1
1303,1,0,1,15,3,2
1004,1,0,0,35,6,3
1972,1,0,0,37,2,3
1822,0,0,0,8,6,2
1159,0,5,1,18,1,1
1782,1,6,1,58,1,2
894,1,16,0,16,8,2
1884,1,7,1,43,1,3
1648,0,1,1,17,2,1
798,0,5,0,4,3,2
802,1,1,0,45,3,3
1276,1,2,0,53,2,3
1331,0,0,0,16,2,1
1620,1,6,0,5,6,1
1996,0,5,1,51,4,2
1092,1,8,0,45,1,1
1018,1,7,0,63,5,2
545,0,0,1,11,3,0
554,0,0,0,12,6,2
1264,1,2,1,34,3,0
1030,1,3,1,58,6,3
1432,1,6,1,39,4,0
558,0,1,1,49,5,0
829,0,0,0,56,7,0
1741,0,0,0,14,8,3
1849,0,7,1,15,5,3
733,0,5,1,7,7,0
1872,1,0,0,16,2,2
1853,1,1,0,27,6,2
1149,0,4,0,30,6,3
891,1,9,1,25,2,1
1911,0,7,1,64,8,3
550,0,16,1,23,2,0
576,0,0,1,27,2,1
1760,0,1,1,50,1,2
969,0,0,0,45,7,0
1160,0,1,1,63,3,0
827,1,2,1,18,2,0
1786,0,9,1,58,7,3
774,1,2,1,8,1,2
819,1,0,1,11,8,0
1042,0,15,1,11,5,2
1368,1,10,0,50,7,2
1592,0,6,1,50,2,1
1067,1,11,0,14,1,0
1892,0,5,0,47,4,2
915,0,6,0,56,8,0
774,0,7,1,55,3,3
1848,1,2,1,42,2,3
1501,0,12,1,2,1,2
1614,0,8,1,55,3,3
911,0,0,0,46,5,0
1520,0,1,1,24,5,3
1647,1,3,1,38,6,2
1347,1,8,1,53,6,3
967,0,4,0,25,8,2
1442,0,0,1,56,5,2
1204,0,0,0,10,7,1
1320,1,0,1,41,7,0
1800,0,2,1,8,7,3
1567,1,3,0,22,3,3
1439,0,12,1,20,1,1
1422,0,15,0,3,1,0
1591,1,4,1,52,3,0
880,0,2,0,6,4,2
1929,1,0,1,19,6,1
1642,1,0,0,5,5,2
1511,1,3,0,21,3,3
1312,0,5,1,10,2,3
1852,0,4,1,10,1,3
972,0,8,0,44,7,3
691,1,4,1,33,4,0
807,0,9,0,8,5,0
1113,1,0,0,25,1,0
721,1,10,0,16,1,1
1188,1,0,0,54,6,0
1512,0,1,0,52,1,2
805,0,0,0,64,4,0
918,1,1,0,8,7,1
1320,1,7,0,48,5,2
1236,1,2,1,57,1,0
1387,0,0,1,61,3,0
1883,1,6,1,30,2,3
839,1,0,0,14,7,3
1593,0,0,1,52,8,1
1722,0,7,0,25,6,3
1954,1,8,0,7,3,3
1788,1,15,1,2,6,2
1628,0,5,1,33,6,3
1965,0,6,1,4,7,3
833,0,4,0,27,1,1
571,0,1,1,43,3,1
1808,1,1,0,31,2,3
1860,1,2,1,55,6,0
1368,1,4,0,9,7,3
1161,1,0,1,21,8,3
1224,0,9,0,33,1,3
902,1,0,0,63,5,3
787,0,15,0,11,1,2
854,0,2,0,30,8,2
1184,1,1,1,48,1,3
1973,1,5,1,39,4,2
510,1,3,0,35,3,1
966,0,8,1,34,2,3
1438,0,3,0,16,8,2
1986,0,7,0,51,3,3
1907,0,13,0,55,7,0
1489,1,8,0,32,1,0
1843,1,13,1,16,6,3
825,0,11,0,38,3,0
1286,0,10,1,16,2,0
840,0,0,1,63,7,3
757,1,5,1,58,4,2
814,1,2,0,41,2,1
1195,1,2,1,8,6,0
767,0,7,1,10,4,2
1068,0,6,1,52,8,1
994,1,0,0,56,3,2
1550,0,6,0,21,2,2
1878,0,9,0,29,8,1
623,0,2,0,6,3,2
1829,0,0,1,15,5,2
525,1,11,0,35,7,0
1065,0,0,1,14,2,2
1425,0,9,1,35,8,0
1296,1,3,0,11,7,2
642,0,3,0,34,2,2
1664,1,9,1,15,7,2
1498,0,3,1,8,7,3
981,1,0,0,2,3,0
1236,0,6,1,32,4,0
1673,1,7,0,9,3,3
712,0,6,1,9,2,3
569,1,10,1,4,3,1
603,1,0,1,64,6,0
1332,1,2,0,11,2,1
1413,0,0,1,13,1,0
1064,1,1,1,34,6,0
1444,0,2,0,48,5,3
1366,1,5,1,53,5,3
906,1,7,0,18,2,3
1554,1,3,1,47,5,0
1187,0,0,1,21,6,2
1156,1,1,1,30,3,2
1918,0,1,0,22,1,1
841,1,8,0,39,6,2
730,1,6,0,6,7,2
878,0,13,1,31,4,2
1059,1,0,0,50,8,0
1578,0,8,0,3,1,3
1829,0,0,0,36,5,1
1132,0,0,0,8,1,1
1652,1,4,1,40,7,3
912,1,0,0,58,5,3
1181,0,12,1,61,2,1
1497,0,5,0,32,3,2
1790,1,3,1,49,3,3
1742,0,3,0,49,1,2
1549,0,4,0,8,5,2
1372,0,7,0,34,4,0
1112,0,0,1,12,4,3
1005,0,0,0,46,8,3
783,1,9,1,27,6,0
1698,0,10,1,26,2,2
899,0,3,1,53,4,2
1062,0,3,0,45,3,0
989,0,4,0,17,3,3
1983,1,6,1,27,1,3
1800,0,5,0,53,1,0
1254,0,0,1,45,3,1
868,0,0,0,30,4,1
1205,1,3,0,12,4,0
1284,1,0,0,10,2,1
626,1,2,1,23,2,2
1763,1,1,1,53,4,1
694,1,15,0,36,4,3
1265,1,4,1,49,1,1
816,0,4,0,14,3,0
904,0,3,1,35,3,0
979,1,0,1,5,7,3
1531,0,0,1,60,6,2
934,1,2,0,30,8,0
1624,1,0,0,58,3,1
874,0,5,0,8,1,0
1027,0,0,0,63,5,1
1966,1,15,1,48,1,2
1048,0,2,1,29,1,1
1496,1,13,0,38,4,1
959,0,15,0,13,4,2
1349,1,5,0,55,7,2
1689,1,0,1,13,2,0
1558,0,0,1,27,1,3
582,1,3,0,27,3,2
1485,0,3,1,44,4,3
1991,0,11,0,9,3,1
553,1,2,1,23,3,2
1231,1,2,0,7,1,3
805,0,1,0,34,6,3
764,1,1,0,13,8,2
894,0,5,1,54,3,2
1589,0,9,0,46,3,2
1456,1,9,1,39,8,3
743,1,0,1,33,2,0
1061,0,3,1,52,7,0
1428,0,0,0,7,4,1
674,1,0,1,8,3,0
832,0,0,1,46,6,3
1625,1,2,1,50,8,0
907,1,3,0,42,1,0
1631,0,2,1,13,2,2
1584,0,6,0,41,4,1
1382,0,7,1,13,2,1
633,0,0,1,46,6,1
1444,0,9,0,38,7,3
852,1,6,1,54,5,0
922,0,0,1,47,8,1
1745,1,4,1,57,3,3
862,0,9,1,6,8,3
1754,1,1,1,52,4,3
1008,0,3,0,36,1,1
1569,1,3,0,33,1,3
1596,1,7,0,7,2,2
1807,1,2,1,61,6,3
1660,1,4,0,7,1,1
1861,0,4,1,55,7,1
648,1,4,0,8,5,2
1379,1,1,0,19,8,3
1910,0,0,0,34,2,0
1807,1,0,1,13,8,0
1923,1,7,0,46,1,1
1345,0,7,1,38,3,1
904,1,5,1,14,8,1
1239,1,5,1,52,2,0
1330,0,6,1,52,4,3
516,1,1,0,30,1,2
672,1,0,0,54,4,0
892,0,0,1,47,1,1
1778,0,0,1,23,6,3
1130,0,4,1,58,5,0
1359,0,4,0,59,2,3
1866,1,3,1,47,5,1
1597,0,11,0,34,1,0
1046,1,0,1,58,8,3
1035,1,2,1,44,3,3
1175,0,2,0,19,7,1
1261,1,0,1,11,4,0
1068,1,9,0,51,4,0
1713,1,5,1,20,7,0
1688,0,0,1,21,7,3
1413,1,4,1,45,5,3
559,0,10,0,11,5,1
1483,1,13,0,19,7,1
860,1,13,0,48,7,1
1090,1,5,0,27,4,1
686,0,11,0,3,6,0
818,0,14,0,43,6,0
1456,1,5,0,49,3,3
774,1,2,1,10,2,2
1068,1,0,1,19,8,0
1373,1,1,1,29,6,3
1777,0,3,0,20,6,3
594,0,2,1,28,5,2
1524,1,5,0,57,2,0
511,1,12,0,50,3,0
1402,1,3,0,46,7,0
965,0,15,0,53,8,2
1270,0,0,0,58,5,3
919,1,11,0,13,1,0
1963,0,16,1,34,2,1
1977,1,2,0,31,8,3
1881,0,4,0,51,5,1
683,0,5,0,19,4,2
772,1,7,0,6,2,0
536,0,0,1,53,3,0
1694,0,0,0,53,6,2
1633,1,3,1,33,2,0
1371,0,4,0,52,4,2
551,0,0,1,54,7,0
1221,0,1,1,28,1,3
1000,0,12,0,63,8,3
1986,1,3,1,64,4,1
1119,1,0,1,23,4,3
1699,1,1,0,59,4,3
1099,0,13,1,61,3,1
1576,0,7,0,58,3,0
950,0,9,0,55,5,0
1081,1,13,0,49,3,0
606,0,1,1,53,4,0
502,1,7,0,37,2,1
957,0,0,1,4,2,1
1658,1,0,1,38,5,2
1681,1,6,0,18,1,2
1983,1,3,0,43,6,2
1753,0,8,1,12,7,1
1632,0,0,0,41,4,2
1949,0,7,0,57,7,0
1696,0,1,0,13,3,0
688,1,0,0,57,7,3
1104,0,1,1,60,2,0
1122,0,0,0,28,3,1
504,1,2,1,46,5,1
1154,0,12,1,14,7,0
1727,0,2,1,63,7,3
1674,1,0,1,52,3,2
1948,1,5,1,18,2,0
1218,1,3,0,39,7,1
531,0,10,0,63,7,2
1057,0,4,0,5,5,3
576,0,1,0,30,8,2
1960,0,1,0,7,7,3
673,1,3,1,22,1,1
718,1,0,1,21,1,1
864,0,3,1,35,3,1
547,1,1,0,37,5,1
623,0,1,1,3,8,3
1793,1,11,0,27,5,1
1720,1,0,0,19,2,1
812,1,1,0,64,4,2
980,0,0,1,33,6,2
643,0,9,1,18,8,1
1925,1,0,1,16,8,2
1408,0,3,0,32,4,3
1522,1,4,0,28,1,1
587,0,16,1,51,1,2
1959,1,5,0,18,6,0
1872,1,3,0,17,6,1
1043,0,7,0,42,3,0
1809,0,6,0,23,6,3
1703,0,5,1,23,6,0
1095,0,4,0,45,1,0
1414,0,1,0,27,4,0
1659,0,2,0,41,7,0
1540,1,1,0,60,7,1
1342,0,0,1,31,7,3
1189,0,13,0,8,3,0
518,0,0,1,62,6,1
1449,1,3,1,10,1,1
516,1,0,1,39,5,0
1569,1,8,0,59,3,3
1312,1,0,0,24,6,3
1893,1,1,0,23,8,2
1076,0,3,0,14,5,1
530,0,1,0,40,6,0
1044,1,7,0,33,4,1
1330,0,11,0,37,7,2
1836,1,0,0,14,5,2
1741,0,1,1,55,5,2
1869,0,0,1,30,1,1
1331,0,8,0,55,3,1
1655,1,6,1,4,3,0
605,0,9,1,18,2,1
1245,0,2,0,30,5,2
1709,0,8,1,58,2,2
846,0,0,1,58,4,2
1403,1,3,0,62,4,0
688,0,0,0,2,3,0
775,1,1,1,10,7,1
1154,0,6,1,35,5,3
1375,1,2,1,35,2,1
1827,0,4,0,61,7,3
1697,0,0,1,60,4,0
741,0,1,0,14,5,0
1672,1,13,1,32,1,1
514,0,4,0,57,3,0
1375,1,2,0,12,1,3
989,1,4,1,55,1,1
1510,1,11,0,47,2,0
1266,0,1,0,18,7,0
1396,1,0,0,46,7,2
808,0,3,0,45,1,3
1542,0,1,0,43,2,3
745,1,5,0,35,8,1
1735,1,0,1,59,6,3
586,1,1,0,57,2,3
1341,1,0,0,36,8,1
781,1,1,0,64,2,3
501,1,14,0,22,6,2
1224,1,2,1,44,2,0
1970,1,11,1,58,8,2
618,1,0,1,63,2,2
1537,0,11,1,46,4,3
1018,0,8,0,16,8,3
1545,1,15,1,35,5,3
1871,0,4,1,41,8,3
1729,1,1,0,12,1,1
680,1,9,1,9,3,2
1106,0,4,0,54,3,2
635,1,1,1,50,5,1
618,0,8,0,16,1,2
1671,1,13,0,5,8,0
1562,1,0,1,52,7,2
1975,1,2,0,31,1,3
831,0,2,1,62,8,2
1524,1,0,0,10,4,2
1528,1,3,1,55,5,1
1447,1,2,0,9,8,0
1344,0,1,0,14,1,1
564,1,1,0,8,2,1
921,1,1,0,60,2,0
1413,0,2,0,10,6,2
831,0,10,0,55,6,0
802,1,3,0,43,5,2
1923,0,3,0,24,4,2
1193,0,10,0,56,3,2
904,1,10,1,31,3,2
1285,0,1,1,51,7,1
1635,1,0,1,2,4,2
1923,1,5,1,14,4,2
1851,1,3,1,12,6,0
727,0,0,1,32,7,1
1396,1,0,1,44,6,1
877,1,9,1,46,1,2
696,0,11,1,35,3,1
1009,1,2,0,2,8,1
1526,1,2,1,38,5,3
987,1,1,0,20,7,0
1414,1,0,1,49,4,1
1732,0,2,0,61,5,3
1587,0,0,0,50,8,0
1097,0,10,1,21,7,2
504,1,0,0,40,3,0
1159,0,13,1,28,8,2
1910,0,0,0,29,7,2
865,1,8,0,59,3,2
1930,0,11,0,16,8,2
860,1,8,1,40,3,2
1268,0,9,1,42,6,0
999,1,0,1,27,4,0
622,0,0,1,9,2,2
1250,0,8,0,44,7,1
763,0,9,1,51,5,2
1100,0,12,0,15,8,0
815,1,4,0,51,6,3
618,1,2,1,57,3,1
553,1,0,1,18,2,3
673,1,2,0,3,2,2
563,1,3,0,47,7,2
1590,1,12,1,14,4,3
1031,1,2,1,11,2,2
909,1,9,0,30,3,0
1880,0,0,1,7,4,3
1479,1,0,1,24,6,3
1271,1,0,0,2,1,1
709,0,11,1,13,8,0
1744,0,0,1,62,1,0
1314,0,0,1,40,7,3
1136,0,0,1,9,6,2
1039,0,11,0,56,8,2
1300,0,5,0,62,6,0
732,1,7,1,39,7,3
511,1,1,1,52,2,2
1092,1,10,0,11,3,0
921,1,12,1,10,7,3
1030,0,4,1,37,1,2
1130,1,0,0,27,1,0
1299,1,2,0,60,8,1
1009,1,7,1,2,7,2
1735,1,16,0,34,2,2
1129,1,0,0,49,2,1
708,0,0,0,26,7,0
894,0,2,1,58,2,2
530,0,1,0,32,6,0
1481,1,0,0,35,3,2
1068,1,0,1,45,5,1
1487,0,6,1,57,3,2
1524,1,11,1,41,4,1
1093,1,2,1,22,8,1
1816,1,0,0,50,5,3
627,0,2,0,20,3,0
989,0,13,1,51,3,1
1895,0,2,1,5,1,1
805,1,0,1,58,3,2
713,0,7,1,2,8,0
864,0,10,1,24,4,3
1177,0,1,0,11,4,1
582,0,8,0,32,3,2
1898,1,3,1,56,7,2
1158,1,1,1,29,2,1
1451,0,5,1,57,8,3
1820,0,5,0,51,7,2
984,1,3,1,9,3,0
580,1,0,0,24,4,2
1263,0,0,0,5,6,2
1237,0,2,0,27,8,2
514,0,7,1,37,1,3
1515,0,0,1,56,3,0
721,1,6,1,6,4,0
603,1,3,0,35,3,3
1426,0,2,1,55,1,2
1820,1,0,1,64,1,1
1215,0,4,0,16,4,2
697,1,5,1,20,2,0
717,1,4,0,10,1,0
1348,1,5,0,36,6,2
1164,1,0,0,61,1,3
578,0,9,1,62,5,2
1971,1,0,0,40,7,0
1794,1,5,1,55,7,0
1558,0,2,1,32,5,0
1597,0,4,1,4,1,2
1240,0,0,0,39,2,3
1994,1,2,1,7,8,0
1221,0,7,1,35,7,2
989,1,11,1,24,8,2
1180,0,5,1,50,4,1
718,0,10,0,59,6,1
1670,1,0,0,47,8,1
534,0,1,1,21,7,2
1566,1,0,0,20,2,1
1935,0,0,1,29,5,0
504,1,2,0,54,2,2
913,1,1,1,41,1,1
1317,1,2,0,43,5,3
917,0,1,1,31,6,3
712,1,1,0,49,6,0
1083,0,6,0,52,2,0
1039,0,5,1,6,6,2
1747,0,4,0,13,6,3
1449,1,0,0,52,6,1
1872,1,14,0,49,7,3
1796,1,5,0,7,4,1
1097,0,0,0,60,1,0
1562,1,1,1,20,8,3
1433,0,8,1,27,7,3
740,0,1,0,12,1,0
676,0,1,1,39,1,1
503,1,1,1,13,1,3
1020,0,13,1,7,3,1
896,1,3,1,4,1,1
1824,0,4,1,19,2,2
1512,1,1,1,54,3,3
1053,0,7,0,42,6,0
1944,1,0,1,31,4,3
1174,1,1,1,25,2,0
627,1,3,1,12,7,1
1602,0,4,1,46,1,1
1733,1,4,1,6,1,3
586,1,10,1,8,8,2
1528,0,2,0,37,8,0
875,0,2,0,23,7,0
1602,0,12,0,58,1,3
1426,0,4,1,12,5,1
1370,0,5,1,6,6,3
609,0,4,1,10,6,1
840,1,5,1,15,6,2
991,0,2,1,12,5,2
1724,0,0,1,9,2,3
584,0,0,1,19,3,0
860,1,1,1,49,6,3
1541,1,10,1,28,5,1
615,1,7,0,58,5,1
912,1,6,1,46,4,0
1278,0,10,1,60,7,3
1365,0,0,1,31,4,0
1702,0,7,0,36,5,2
589,0,1,1,59,8,0
1347,1,10,0,56,1,2
1644,0,0,1,44,8,2
956,1,1,0,42,7,3
1089,1,10,0,2,7,2
871,0,2,0,52,3,0
664,0,5,1,6,2,3
1874,0,1,0,19,2,1
1928,0,5,0,5,5,0
888,1,2,1,33,2,3
1077,1,1,0,58,7,3
1023,1,5,1,30,8,1
1426,0,2,1,42,3,1
831,1,7,1,26,5,0
1496,1,0,1,6,3,3
1433,0,2,1,5,5,1
1095,1,0,1,44,4,3
643,1,3,1,23,1,1
1142,0,0,1,6,4,1
730,1,3,1,27,5,2
1901,0,5,1,41,2,0
1510,1,1,0,32,3,1
1924,0,0,1,59,6,3
1825,1,13,1,17,4,3
1275,1,3,1,5,1,3
987,0,9,0,17,7,3
1538,0,6,1,13,7,1
1965,0,4,1,29,5,3
808,0,7,0,20,6,0
712,0,6,0,27,2,1
1507,1,0,1,42,5,1
912,0,3,0,47,3,0
769,0,2,0,17,8,1
948,0,14,0,22,5,3
507,1,0,1,39,1,1
1384,1,15,0,60,3,1
1766,0,1,0,29,8,2
1407,1,5,1,16,4,1
614,1,3,1,24,4,1
1972,0,9,0,14,7,1
1039,1,8,0,47,8,1
511,1,5,1,34,8,2
1811,0,4,1,5,4,2
1159,0,3,0,36,4,2
1848,1,7,0,12,2,3
1988,0,0,1,16,8,3
1469,0,3,1,58,7,2
1423,0,12,0,44,5,1
1974,1,9,0,10,6,1
835,1,2,1,42,5,2
1429,0,8,0,42,5,1
947,0,1,1,51,2,2
1446,1,0,1,18,8,3
1332,1,5,1,7,7,2
1498,1,0,1,14,4,0
1576,1,0,1,14,2,3
1398,1,8,1,26,1,3
1885,1,12,1,14,4,1
798,1,7,0,2,2,2
1436,1,0,1,42,8,3
1998,0,8,0,31,8,2
1321,0,0,1,63,8,1
1021,0,7,0,9,2,1
1339,1,0,0,40,2,2
1210,1,9,0,57,4,1
1949,1,2,1,31,5,1
882,1,9,1,28,6,0
1549,1,0,1,27,5,0
1991,1,1,1,42,1,0
796,0,2,0,12,1,0
1012,1,4,0,39,4,2
1318,1,0,1,11,2,1
1708,0,8,1,14,4,1
598,1,8,1,62,8,2
541,0,4,0,51,8,0
818,1,2,1,23,5,2
1414,0,0,1,15,2,0
601,1,3,1,6,4,2
561,1,2,1,40,7,2
1616,1,3,0,52,5,0
1263,1,1,1,32,2,3
1604,1,0,1,63,5,1
539,1,1,0,24,4,0
1071,0,0,0,49,4,3
826,1,0,1,57,2,0
771,0,2,0,62,1,1
1811,0,0,0,33,8,3
1842,1,7,0,56,4,3
1420,1,1,0,50,8,0
1763,1,12,0,10,3,0
1163,0,6,0,2,5,1
1805,0,0,0,29,4,1
610,1,9,0,52,4,3
1533,1,18,1,17,4,2
1924,0,3,1,63,2,3
1801,1,6,0,52,6,0
1726,0,1,1,42,5,2
794,1,15,0,14,3,1
1686,1,4,0,28,5,0
1444,1,0,0,6,1,0
1004,1,0,1,30,8,0
1242,0,8,0,28,4,0
539,0,6,1,26,6,3
717,1,2,1,14,8,0
1540,1,0,1,29,7,0
672,0,7,1,35,8,0
1325,0,0,1,13,4,3
950,0,6,1,55,8,0
948,1,6,0,18,4,2
1328,0,5,1,27,3,2
1447,0,3,0,40,2,0
1973,1,3,0,21,8,1
1731,1,18,0,60,4,1
1617,0,1,1,63,2,2
1791,1,1,1,33,5,0
851,1,7,1,54,2,0
856,1,0,1,14,1,1
714,0,1,0,30,4,1
951,0,6,1,15,2,0
1303,0,6,1,10,8,2
1550,0,2,0,32,7,2
1759,0,10,1,15,4,2
1448,1,18,0,2,5,0
1987,0,0,0,50,8,1
908,0,1,0,44,5,3
820,1,2,0,58,4,0
904,1,4,0,19,6,0
667,1,4,1,6,6,2
1109,0,1,0,34,1,2
1333,0,3,1,59,7,3
1352,0,5,1,6,6,1
1600,1,1,0,19,6,1
1454,1,8,0,37,8,1
1489,1,0,0,9,3,1
1823,1,11,0,10,8,2
1581,0,9,0,41,4,1
1672,1,1,1,44,8,1
1283,1,0,1,27,4,3
630,0,9,1,14,8,0
659,0,0,1,24,8,3
1811,1,0,0,32,6,0
688,0,9,0,40,5,1
514,1,5,0,18,2,0
1933,1,1,0,16,3,0
915,0,8,1,31,3,0
1006,1,4,1,22,4,0
1134,0,2,1,13,4,3
599,0,0,1,64,8,2
973,1,5,0,53,5,1
1180,0,0,1,27,6,0
1237,0,7,0,13,4,2
659,1,7,1,5,8,1
1142,1,6,0,6,8,0
1002,1,16,1,11,6,0
1392,0,0,1,44,4,1
602,0,9,0,50,8,2
1249,0,3,1,55,3,0
531,1,0,1,12,4,1
1450,0,1,0,31,5,1
1342,0,1,0,50,1,2
832,0,5,1,22,1,1
867,0,0,1,57,4,1
1404,0,16,0,44,1,1
840,1,6,0,33,6,2
1368,0,10,1,42,1,1
1927,1,3,0,11,8,3
1714,1,7,0,31,2,3
1201,0,1,1,10,6,0
1796,0,4,0,44,2,3
1147,1,11,0,28,6,2
776,0,0,1,20,4,0
510,0,0,0,33,6,1
1045,1,3,1,40,6,2
1497,1,4,1,10,8,3
1425,0,0,1,33,3,3
726,0,0,1,40,4,0
1576,0,0,1,20,3,1
714,1,5,1,11,3,1
1595,1,1,0,63,1,1
541,0,0,1,10,4,1
1617,0,14,0,29,6,3
1154,1,2,1,5,1,1
1638,0,6,0,2,1,2
1150,0,0,0,39,8,0
1254,0,0,1,44,1,2
1806,1,2,1,54,1,3
603,0,8,0,12,6,1
1834,0,7,1,40,4,3
520,0,0,1,31,6,1
565,1,1,0,50,2,1
1689,0,11,0,9,5,2
742,0,0,0,21,8,0
1143,1,1,1,22,3,1
761,0,9,0,3,7,2
959,1,0,0,36,5,3
772,1,7,1,8,7,0
1015,0,5,0,12,3,1
1824,1,9,1,2,1,3
1130,1,1,1,29,1,0
1183,1,3,1,48,8,0
574,1,0,1,26,6,0
1472,0,4,1,20,2,0
1868,0,2,1,40,8,0
1375,0,2,0,20,6,3
881,0,1,0,64,3,1
1742,1,5,1,43,3,2
1225,1,6,0,60,2,2
1970,1,0,1,15,2,2
1186,1,2,0,21,8,1
1762,0,7,0,60,4,1
1731,1,4,1,4,6,3
852,1,5,1,8,5,0
848,1,4,1,36,4,1
1575,1,0,1,11,7,2
1554,1,7,0,23,6,2
1972,0,0,0,48,8,3
827,1,9,1,35,6,1
1063,0,7,0,3,4,1
1695,1,1,0,34,5,3
1343,1,5,1,14,8,0
834,0,2,1,27,1,1
595,0,0,1,20,2,0
1081,1,13,1,42,7,1
911,1,3,0,14,4,3
844,1,1,1,22,7,3
1335,0,3,0,60,2,3
1883,0,9,0,24,1,3
1128,1,6,0,33,8,1
826,1,14,1,57,2,1
1650,0,0,1,38,1,0
1162,0,0,0,50,4,1
1517,0,2,1,8,4,2
963,0,1,1,60,3,2
1837,1,5,1,12,8,3
1028,0,1,1,30,1,1
1831,1,4,0,55,8,1
571,1,5,1,58,6,0
1770,0,0,0,9,6,3
970,1,5,0,59,7,3
642,0,0,1,38,5,0
622,1,12,0,11,8,2
600,0,9,1,6,2,2
1412,0,9,0,57,3,1
733,0,7,0,16,4,2
1070,0,9,0,19,7,2
875,1,1,0,30,8,0
1994,0,5,0,5,2,2
823,1,9,1,18,5,3
1908,0,9,1,30,2,3
790,1,7,1,44,8,3
1330,1,1,0,40,1,2
1660,0,2,1,15,8,2
1776,0,2,0,20,6,3
1611,1,4,1,27,1,2
1410,1,0,1,15,3,2
1772,0,17,1,45,2,1
1280,0,0,1,39,7,1
1712,1,2,0,23,7,1
1562,0,0,0,55,8,2
891,1,1,1,18,6,0
1957,1,18,1,36,2,1
1110,0,1,0,42,5,0
875,1,1,1,43,8,3
1211,0,0,0,28,2,2
769,1,12,1,54,4,0
671,0,7,1,2,6,2
1872,0,5,1,26,4,2
1076,1,0,1,14,5,2
1325,0,2,0,50,1,2
911,1,1,1,28,2,1
1273,0,1,0,23,6,0
1062,0,3,1,39,4,0
1317,0,6,0,12,2,0
940,0,0,0,16,4,1
729,0,0,0,14,6,2
1494,0,6,1,3,7,1
1546,1,2,1,27,2,0
1253,0,0,1,34,4,3
895,1,6,0,16,8,2
793,1,0,1,43,8,0
1628,1,11,0,56,2,3
625,1,2,0,42,8,2
1110,0,2,1,12,8,0
999,0,6,0,49,1,1
1856,1,0,1,24,5,2
1715,1,9,1,15,6,1
1897,0,2,1,54,2,0
1202,1,0,0,19,2,0
1171,1,2,0,19,7,0
964,0,0,1,22,8,2
1973,1,6,0,46,4,0
1992,1,11,0,2,1,3
546,1,5,0,26,5,1
1093,0,1,1,31,2,1
1880,0,11,0,35,4,2
1765,0,3,0,11,2,3
1640,1,1,1,36,8,3
1830,0,0,0,7,6,2
826,0,3,0,62,4,1
1864,0,0,1,7,1,2
586,0,16,1,42,7,1
1206,1,10,1,30,3,2
832,1,1,1,5,5,3
848,0,1,0,8,7,0
1851,0,0,0,53,6,2
1166,0,7,0,59,1,3
1776,1,10,0,35,4,1
1254,0,2,1,27,2,0
1494,1,4,1,24,1,3
984,1,0,1,39,8,1
1179,0,1,0,5,5,0
513,0,8,0,27,8,2
557,1,3,0,17,6,1
744,1,0,1,33,4,2
1129,1,9,1,21,2,1
1148,1,0,1,58,5,2
1793,0,12,1,44,5,3
1310,1,3,0,15,5,2
1604,0,1,0,6,6,3
1676,0,2,0,37,1,2
1001,1,1,0,40,3,3
1086,0,0,1,24,8,3
1986,1,7,1,39,7,3
634,0,5,0,41,1,3
502,0,7,0,52,6,2
1641,0,6,0,48,8,2
623,1,0,1,15,3,2
962,1,3,0,17,8,3
1057,0,3,1,41,4,1
1862,0,1,0,62,1,1
555,1,5,1,38,2,1
1000,0,1,1,58,5,0
841,0,6,1,11,5,0
865,0,5,0,16,4,3
999,1,11,1,56,4,2
1232,0,12,0,30,6,1
1194,0,6,1,34,2,0
612,1,1,1,20,8,3
1362,0,0,0,47,6,3
1469,1,11,1,44,2,1
986,0,13,1,28,4,0
1843,0,1,1,62,3,3
1561,1,10,1,4,2,2
1695,1,2,1,47,5,1
667,1,3,0,8,1,2
1768,0,0,1,2,7,3
1269,1,16,0,41,8,2
1109,1,6,0,57,1,2
936,1,14,1,14,3,3
1713,0,9,1,5,6,1
1175,1,1,1,45,2,1
1940,1,0,1,5,4,1
855,0,2,1,59,2,1
771,1,0,1,33,3,0
645,0,10,1,63,4,2
1307,0,2,0,7,7,1
1948,1,4,0,5,1,0
1509,1,5,0,50,4,1
626,1,3,1,11,2,0
1190,1,0,0,40,5,3
1727,1,10,0,57,6,0
1670,0,14,0,62,8,3
1150,1,4,1,27,1,1
1208,0,5,1,16,1,1
1812,1,4,1,42,7,3
770,1,6,0,61,4,3
1559,1,10,1,10,8,1
1902,0,10,0,13,4,1
1751,0,1,0,4,8,1
1416,1,0,0,20,4,3
1288,1,3,1,61,6,2
1003,0,16,1,16,8,1
1715,1,1,1,18,6,3
1967,0,0,1,46,1,1
962,1,14,0,2,1,1
1487,0,5,1,42,2,2
1569,1,4,1,54,4,3
1146,0,5,1,57,5,0
1379,0,6,1,9,8,1
1504,1,7,1,25,4,1
1945,0,3,0,26,6,3
1630,1,0,1,32,6,2
1125,0,10,0,23,1,1
614,0,4,1,51,7,2
854,0,5,1,17,4,2
1470,1,6,0,45,1,3
1826,1,5,1,49,8,2
807,1,0,0,37,4,1
1996,1,0,1,7,5,1
1083,0,3,0,41,5,1
1035,1,14,1,49,2,3
1521,0,5,1,62,1,3
1314,1,13,1,5,4,3
535,0,5,0,24,8,0
673,0,13,1,35,6,3
1219,1,5,0,4,6,2
1606,1,0,1,33,5,3
1603,1,1,1,17,2,1
1958,0,6,1,52,1,3
695,0,18,1,12,2,2
1441,1,0,1,53,1,1
1470,1,4,1,33,7,2
1890,0,4,1,48,4,3
1152,1,0,1,26,2,3
1619,0,3,0,20,6,0
1002,0,1,0,45,7,0
742,0,0,1,36,3,0
1306,1,2,1,33,3,2
1424,1,0,0,20,5,2
942,1,8,0,27,4,0
1934,0,8,1,2,4,2
1290,1,19,1,35,4,0
930,1,0,0,54,1,2
1699,0,16,0,21,4,1
1849,0,1,0,29,7,3
1922,0,15,1,42,8,3
548,1,0,1,56,4,0
916,0,0,1,47,4,1
1783,0,8,0,14,8,2
1083,1,2,1,49,5,0
1698,0,10,1,7,8,2
1969,1,5,1,7,8,0
869,0,0,0,2,7,2
1337,1,0,0,5,4,2
637,1,2,0,28,4,2
833,1,0,1,27,4,0
1248,0,6,1,9,3,2
1174,0,7,0,30,4,0
1831,0,3,1,44,7,2
1002,1,7,0,27,1,0
1010,1,2,1,8,5,2
1117,1,2,0,21,2,1
990,1,3,0,15,2,2
1564,0,5,1,26,6,3
1065,1,0,1,21,5,1
1982,0,12,0,24,7,3
1607,1,6,1,20,2,0
1066,1,6,1,5,5,0
681,1,12,1,17,5,2
1163,1,0,1,19,2,2
1285,1,4,1,11,5,3
753,0,11,1,48,8,3
1779,1,2,0,5,1,1
987,0,4,1,52,3,2
511,1,15,1,24,3,1
1044,0,4,1,12,6,1
1855,0,5,0,32,8,3
946,0,9,0,26,6,0
657,1,2,0,21,8,0
1673,0,2,0,42,5,2
731,1,0,1,28,8,1
926,0,6,1,59,7,0
1261,0,3,1,52,2,1
618,0,11,1,45,3,2
936,0,5,1,57,2,1
1485,1,0,1,28,5,3
1339,1,10,1,21,4,0
508,0,1,0,50,5,1
1938,1,5,0,44,2,3
995,1,1,0,10,4,0
1086,1,0,1,43,6,2
1322,1,1,1,35,1,3
1864,1,2,0,57,6,3
1944,0,1,1,26,4,2
581,0,5,1,56,2,0
1020,1,3,1,27,4,3
1936,0,2,0,44,3,1
1329,0,5,1,23,8,1
808,1,3,0,46,8,0
994,1,4,0,40,2,2
1811,0,3,1,22,2,2
765,0,3,0,44,8,2
993,1,0,0,16,7,0
1136,0,15,0,32,6,3
719,1,0,1,23,6,3
733,1,0,0,63,7,0
1946,1,8,0,8,8,3
1230,0,0,1,48,7,2
1577,1,0,1,64,3,3
1514,0,3,1,12,3,0
579,0,3,0,7,8,2
574,0,1,1,30,2,0
1072,1,6,0,19,8,2
843,1,1,0,16,7,1
1492,0,5,0,11,3,3
1807,0,0,0,16,3,3
909,1,7,0,47,3,0
1876,1,9,1,64,3,3
1436,1,3,1,23,5,2
1251,1,10,1,29,6,0
636,0,8,1,28,2,2
1354,1,3,1,26,4,1
930,1,3,1,34,4,2
1830,0,7,1,47,1,3
1424,1,16,1,23,4,1
583,1,1,0,51,8,1
648,1,9,1,54,5,3
1203,1,0,1,11,2,0
1777,1,0,0,15,4,1
1299,1,0,0,64,6,1
1494,0,2,1,47,2,3
527,1,4,0,53,1,0
793,1,1,1,64,4,1
873,1,6,0,8,7,0
722,0,12,0,12,6,1
1250,0,14,1,20,5,2
1358,0,0,0,60,3,0
1035,1,8,0,11,6,1
1289,1,3,1,16,6,3
1445,1,2,0,37,2,3
1702,1,12,1,47,2,1
534,1,4,0,2,5,2
628,0,5,0,60,6,1
713,1,4,0,53,1,0
1207,0,0,0,58,8,0
683,0,7,0,30,7,1
594,0,1,0,27,5,0
537,0,1,1,55,7,1
1565,0,0,0,38,5,0
1052,0,1,0,6,4,0
713,0,4,1,63,2,1
1766,1,1,0,16,5,3
584,1,1,1,19,4,3
1541,1,6,1,5,4,1
837,1,1,0,51,5,0
935,1,3,1,58,5,2
665,0,0,1,31,5,0
680,0,13,1,34,2,3
877,1,0,1,17,7,1
1493,1,13,0,53,5,2
1762,0,3,1,26,6,2
842,1,4,0,57,3,1
925,0,9,0,56,1,2
1692,0,4,1,2,1,3
1576,0,8,0,5,3,3
1065,1,4,1,48,6,0
958,0,9,1,60,1,0
623,0,6,1,26,7,1
897,1,1,0,17,1,2
1110,0,4,1,41,3,2
616,0,3,1,21,7,2
1680,1,6,1,37,4,1
1715,0,0,1,12,8,2
983,1,0,1,45,4,1
720,1,12,1,14,4,0
1660,0,2,1,24,2,2
1564,1,1,0,42,2,3
592,1,1,0,52,7,0
969,1,2,1,44,3,0
1356,1,0,0,35,1,3
504,0,8,0,14,7,0
1546,1,3,1,6,1,3
689,1,3,1,7,2,0
1685,0,14,0,16,7,0
1792,0,3,1,62,7,3
1786,0,11,0,61,3,3
1944,1,9,1,59,7,0
1077,0,13,1,49,4,3
648,0,1,1,60,4,0
1702,1,8,0,2,6,0
1571,0,1,0,30,7,0
856,1,14,1,19,6,0
1786,0,6,0,14,4,3
914,0,1,1,60,5,3
1615,0,3,0,9,1,2
649,0,4,1,19,7,0
1646,0,3,1,25,2,0
1189,0,5,0,7,2,0
1043,0,3,0,29,8,0
1920,1,3,1,19,3,3
1220,0,1,0,54,7,0
1748,1,11,1,53,4,2
907,1,7,0,44,3,3
1193,0,7,0,20,7,2
1766,1,1,1,22,8,3
1278,0,7,1,24,3,3
1234,1,8,0,17,6,2
1961,0,10,0,55,7,3
1745,0,0,1,3,3,1
1442,1,1,0,27,5,0
1083,1,1,1,39,8,2
868,0,5,0,5,4,0
864,1,0,1,53,6,0
1142,0,0,0,2,6,1
608,1,0,0,64,4,1
983,0,0,1,53,1,1
1720,0,18,1,2,5,2
1802,1,8,0,27,5,2
591,1,18,1,16,7,0
1205,0,5,0,10,6,0
1369,1,3,0,28,1,3
713,1,0,0,42,1,0
1082,1,11,0,2,4,1
1719,1,0,0,52,3,2
1544,0,18,1,12,7,0
1090,0,1,1,8,8,3
1991,0,3,1,15,1,1
1367,0,4,0,56,2,0
1179,0,7,1,32,2,0
721,1,1,1,15,5,3
1549,1,0,0,62,4,0
1349,1,3,0,46,6,1
1799,0,1,1,30,3,0
1075,1,2,0,11,1,3
684,1,3,1,63,5,3
1837,0,9,0,36,4,0
1619,0,2,1,21,1,1
965,0,1,0,13,8,2
730,0,9,0,9,4,2
1361,0,1,0,47,5,2
1494,0,3,1,45,5,3
1027,0,7,0,18,7,0
1807,1,0,1,38,8,1
709,1,1,0,11,5,3
689,0,2,0,45,5,3
955,0,2,0,2,4,1
1872,0,5,0,35,3,3
1259,1,0,0,13,2,0
695,0,1,1,41,8,1
1969,1,9,0,63,4,0
759,0,3,1,39,2,0
936,0,1,0,18,3,2
1176,0,2,1,62,2,1
1802,1,0,1,10,7,0
772,1,0,1,23,7,2
1318,0,1,1,45,2,0
591,1,1,1,16,6,3
569,1,0,0,41,1,1
764,1,9,1,45,8,0
1056,1,8,1,37,3,2
1982,0,2,1,12,5,1
1830,0,5,0,14,6,2
1122,0,0,1,40,7,1
1023,0,2,1,63,7,3
1283,1,8,1,33,3,0
1602,1,0,1,35,7,2
732,0,5,1,32,8,3
1854,1,0,1,33,1,1
718,1,1,1,30,3,1
897,0,3,1,2,8,1
1405,0,0,0,8,4,2
798,1,6,1,21,2,1
1035,0,1,0,40,5,3
1396,0,0,0,37,4,2
1749,1,7,1,49,1,2
1588,0,12,1,4,5,2
1600,0,1,1,16,4,2
1522,0,4,0,21,6,3
1279,0,5,1,7,6,1
719,0,7,0,6,6,0
544,1,2,1,7,5,0
1007,1,5,1,21,8,0
590,1,0,0,32,6,0
1788,0,0,1,6,6,2
748,0,0,0,25,7,1
757,1,4,0,64,7,2
1561,1,1,1,27,3,1
1327,0,10,0,23,7,0
797,1,4,0,18,8,1
727,1,0,1,64,1,3
686,1,0,0,36,4,0
1515,1,4,1,24,5,3
555,1,2,0,17,5,0
1589,0,0,0,5,5,3
1976,1,6,0,45,4,3
1884,1,3,0,24,6,1
1063,0,0,0,27,6,2
672,1,13,0,61,5,0
635,0,9,0,16,7,2
1906,1,3,0,55,3,1
1753,0,4,0,40,4,1
659,1,2,1,3,8,0
1583,1,0,0,14,2,2
1783,1,2,0,42,6,1
1667,1,0,1,21,2,0
640,1,5,1,6,8,2
1913,0,0,0,29,5,2
538,1,0,1,25,7,1
1191,0,6,1,46,6,0
816,1,2,0,9,1,3
915,1,9,1,33,2,1
1157,0,7,0,27,8,3
1201,0,2,0,10,7,0
1379,1,1,1,18,2,2
1483,0,3,1,53,5,1
1614,0,1,1,9,3,1
930,1,4,1,4,8,1
1454,0,8,0,6,3,1
1784,0,4,0,41,6,2
1262,1,12,0,34,5,2
797,1,0,0,37,7,1
1829,0,8,0,59,5,3
1139,1,6,1,58,2,1
618,0,9,1,13,4,0
1547,0,2,0,57,1,1
586,0,2,0,15,3,1
1617,0,8,1,36,1,0
1882,0,11,1,44,8,3
674,1,1,0,21,3,0
1467,0,0,0,18,5,3
858,0,1,0,50,1,3
794,1,0,1,2,6,0
1965,1,0,0,39,4,2
1911,1,1,1,36,8,3
1512,0,4,1,46,5,0
510,1,5,1,45,6,3
